Time (UTC)	Code	Progress	Message
? 1	0	15	""
? 2	0	24	""
? 3	0	33	""
05/19/2024 11:14:53	0	34	""
05/19/2024 12:33:29	0	34	""
05/19/2024 13:18:24	0	34	""
05/19/2024 14:16:32	0	34	""
05/19/2024 15:18:06	0	34	""
05/19/2024 16:22:32	0	35	""
05/19/2024 17:16:05	0	35	""
05/19/2024 18:23:08	0	35	""
05/19/2024 19:13:51	0	35	""
05/19/2024 20:19:28	0	35	""
05/19/2024 21:17:10	0	35	""
05/19/2024 22:19:38	0	35	""
05/19/2024 23:20:04	0	35	""
05/20/2024 01:20:38	0	35	""
05/20/2024 02:33:11	0	35	""
05/20/2024 03:21:23	0	35	""
05/20/2024 04:23:09	0	35	""
05/20/2024 05:19:57	0	35	""
05/20/2024 06:25:48	0	35	""
05/20/2024 07:18:52	0	35	""
05/20/2024 08:24:12	0	35	""
05/20/2024 09:22:52	0	35	""
05/20/2024 10:21:01	0	35	""
05/20/2024 11:16:20	0	35	""
05/20/2024 12:37:13	0	35	""
05/20/2024 13:21:53	0	35	""
05/20/2024 14:18:44	0	35	""
05/20/2024 15:20:37	0	35	""
05/20/2024 16:23:54	0	35	""
05/20/2024 17:19:08	0	35	""
05/20/2024 18:24:28	0	35	""
05/20/2024 19:14:33	0	35	""
05/20/2024 20:19:30	0	35	""
05/20/2024 21:16:48	0	35	""
05/20/2024 22:17:12	0	35	""
05/20/2024 23:19:34	0	35	""
05/21/2024 01:19:58	0	35	""
05/21/2024 02:31:07	0	35	""
05/21/2024 03:21:03	0	35	""
05/21/2024 04:21:48	0	35	""
05/21/2024 05:18:42	0	35	""
05/21/2024 06:26:19	0	35	""
05/21/2024 07:17:48	0	35	""
05/21/2024 08:23:18	0	35	""
05/21/2024 09:20:46	0	35	""
05/21/2024 10:20:00	0	35	""
05/21/2024 11:17:56	0	35	""
05/21/2024 12:35:20	0	35	""
05/21/2024 13:23:24	0	35	""
05/21/2024 14:17:52	0	35	""
05/21/2024 15:20:31	0	35	""
05/21/2024 16:22:58	0	0	""
05/21/2024 17:17:13	0	0	""
05/21/2024 18:24:27	0	0	""
05/21/2024 19:16:01	0	0	""
05/21/2024 20:20:11	0	0	""
05/21/2024 21:17:33	0	0	""
05/21/2024 22:17:43	0	0	""
05/21/2024 23:19:35	0	0	""
05/22/2024 01:20:34	0	0	""
05/22/2024 02:31:03	0	0	""
05/22/2024 03:22:04	0	0	""
05/22/2024 04:23:10	0	0	""
05/22/2024 05:19:22	0	0	""
05/22/2024 06:26:07	0	0	""
05/22/2024 07:17:47	0	0	""
05/22/2024 08:24:17	0	0	""
05/22/2024 09:21:09	0	0	""
05/22/2024 10:20:03	0	0	""
05/22/2024 11:17:50	0	0	""
05/22/2024 12:35:58	0	0	""
05/22/2024 13:21:07	0	0	""
05/22/2024 14:17:20	0	0	""
05/22/2024 15:20:49	0	0	""
05/22/2024 16:24:59	0	4	""
05/22/2024 17:16:50	0	4	""
05/22/2024 18:24:42	0	4	""
05/22/2024 19:14:53	0	4	""
05/22/2024 20:19:51	0	4	""
05/22/2024 21:19:25	0	4	""
05/22/2024 22:17:20	0	4	""
05/22/2024 23:20:25	0	4	""
05/23/2024 01:19:57	0	4	""
05/23/2024 02:32:00	0	4	""
05/23/2024 03:20:39	0	4	""
05/23/2024 04:21:40	0	4	""
05/23/2024 05:20:46	0	4	""
05/23/2024 06:26:39	0	4	""
05/23/2024 07:17:26	0	4	""
05/23/2024 08:23:08	0	4	""
05/23/2024 09:20:55	0	4	""
05/23/2024 10:21:16	0	4	""
05/23/2024 11:17:02	0	4	""
05/23/2024 12:34:54	0	4	""
05/23/2024 13:20:28	0	4	""
05/23/2024 14:17:51	0	4	""
05/23/2024 15:20:33	0	4	""
05/23/2024 16:25:01	0	12	""
05/23/2024 17:18:48	0	12	""
05/23/2024 18:24:15	0	12	""
05/23/2024 19:17:54	0	12	""
05/23/2024 20:20:05	0	12	""
05/23/2024 21:17:25	0	12	""
05/23/2024 22:18:05	0	12	""
05/23/2024 23:19:18	0	12	""
05/24/2024 01:20:25	0	12	""
05/24/2024 02:31:05	0	12	""
05/24/2024 03:20:36	0	12	""
05/24/2024 04:22:59	0	12	""
05/24/2024 05:18:20	0	12	""
05/24/2024 06:25:46	0	12	""
05/24/2024 07:17:04	0	12	""
05/24/2024 08:23:16	0	12	""
05/24/2024 09:20:03	0	12	""
05/24/2024 10:20:35	0	12	""
05/24/2024 11:17:59	0	12	""
05/24/2024 12:35:10	0	12	""
05/24/2024 13:20:48	0	12	""
05/24/2024 14:18:08	0	12	""
05/24/2024 15:20:41	0	12	""
05/24/2024 16:21:48	0	15	""
05/24/2024 17:18:43	0	15	""
05/24/2024 18:24:51	0	15	""
05/24/2024 19:14:59	0	15	""
05/24/2024 20:19:34	0	15	""
05/24/2024 21:18:07	0	15	""
05/24/2024 22:17:51	0	15	""
05/24/2024 23:17:50	0	15	""
05/25/2024 01:19:19	0	15	""
05/25/2024 02:29:40	0	15	""
05/25/2024 03:22:58	0	15	""
05/25/2024 04:21:31	0	15	""
05/25/2024 05:17:51	0	15	""
05/25/2024 06:25:51	0	15	""
05/25/2024 07:17:06	0	15	""
05/25/2024 08:22:50	0	15	""
05/25/2024 09:18:21	0	15	""
05/25/2024 10:20:10	0	15	""
05/25/2024 11:16:31	0	15	""
05/25/2024 12:33:34	0	15	""
05/25/2024 13:18:36	0	15	""
05/25/2024 14:16:55	0	15	""
05/25/2024 15:18:56	0	15	""
05/25/2024 16:21:53	0	24	""
05/25/2024 17:18:21	0	24	""
05/25/2024 18:22:56	0	24	""
05/25/2024 19:15:06	0	24	""
05/25/2024 20:18:16	0	24	""
05/25/2024 21:16:16	0	24	""
05/25/2024 22:17:29	0	24	""
05/25/2024 23:17:25	0	24	""
05/26/2024 01:26:14	0	24	""
05/26/2024 02:33:44	0	24	""
05/26/2024 03:20:09	0	24	""
05/26/2024 04:23:29	0	24	""
05/26/2024 05:17:27	0	24	""
05/26/2024 06:24:13	0	24	""
05/26/2024 07:17:09	0	24	""
05/26/2024 08:22:10	0	24	""
05/26/2024 09:20:19	0	24	""
05/26/2024 10:21:17	0	24	""
05/26/2024 11:15:28	0	24	""
05/26/2024 12:33:37	0	24	""
05/26/2024 13:18:59	0	24	""
05/26/2024 14:15:50	0	24	""
05/26/2024 15:19:40	0	24	""
05/26/2024 16:22:49	0	33	""
05/26/2024 17:17:12	0	33	""
05/26/2024 18:22:46	0	33	""
05/26/2024 19:14:48	0	33	""
05/26/2024 20:18:21	0	33	""
05/26/2024 21:17:25	0	33	""
05/26/2024 22:17:09	0	33	""
05/26/2024 23:19:56	0	33	""
05/27/2024 01:22:06	0	33	""
05/27/2024 02:33:08	0	33	""
05/27/2024 03:22:15	0	33	""
05/27/2024 04:23:21	0	33	""
05/27/2024 05:18:37	0	33	""
05/27/2024 06:27:47	0	33	""
05/27/2024 07:19:06	0	33	""
05/27/2024 08:23:57	0	33	""
05/27/2024 09:20:52	0	33	""
05/27/2024 10:20:57	0	33	""
05/27/2024 11:16:44	0	33	""
05/27/2024 12:35:42	0	33	""
05/27/2024 13:21:19	0	33	""
05/27/2024 14:17:34	0	33	""
05/27/2024 15:21:09	0	33	""
05/27/2024 16:22:44	0	34	""
05/27/2024 17:16:23	0	34	""
05/27/2024 18:24:35	0	34	""
05/27/2024 19:15:42	0	34	""
05/27/2024 20:19:19	0	34	""
05/27/2024 21:19:13	0	34	""
05/27/2024 22:16:58	0	34	""
05/27/2024 23:20:50	0	34	""
05/28/2024 01:20:45	0	34	""
05/28/2024 02:32:43	0	34	""
05/28/2024 03:21:22	0	34	""
05/28/2024 04:24:12	0	34	""
05/28/2024 05:18:19	0	34	""
05/28/2024 06:25:51	0	34	""
05/28/2024 07:18:20	0	34	""
05/28/2024 08:25:57	0	34	""
05/28/2024 09:20:03	0	34	""
05/28/2024 10:20:31	0	34	""
05/28/2024 11:15:50	0	34	""
05/28/2024 12:35:26	0	34	""
05/28/2024 13:21:03	0	34	""
05/28/2024 14:17:51	0	34	""
05/28/2024 15:19:33	0	34	""
05/28/2024 16:23:15	0	35	""
05/28/2024 17:16:52	0	35	""
05/28/2024 18:25:31	0	35	""
05/28/2024 19:15:28	0	35	""
05/28/2024 20:20:04	0	35	""
05/28/2024 21:18:16	0	35	""
05/28/2024 22:17:53	0	35	""
05/28/2024 23:20:26	0	35	""
05/29/2024 01:24:32	0	35	""
05/29/2024 02:34:29	0	35	""
05/29/2024 03:21:21	0	35	""
05/29/2024 04:24:20	0	35	""
05/29/2024 05:19:01	0	35	""
05/29/2024 06:25:59	0	35	""
05/29/2024 07:17:57	0	35	""
05/29/2024 08:25:13	0	35	""
05/29/2024 09:21:44	0	35	""
05/29/2024 10:21:51	0	35	""
05/29/2024 11:16:43	0	35	""
05/29/2024 12:36:06	0	35	""
05/29/2024 13:21:23	0	35	""
05/29/2024 14:18:26	0	35	""
05/29/2024 15:21:05	0	35	""
05/29/2024 16:24:16	0	35	""
05/29/2024 17:18:06	0	35	""
05/29/2024 18:24:43	0	35	""
05/29/2024 19:15:19	0	35	""
05/29/2024 20:20:16	0	35	""
05/29/2024 21:17:23	0	35	""
05/29/2024 22:19:14	0	35	""
05/29/2024 23:19:15	0	35	""
05/30/2024 01:21:23	0	35	""
05/30/2024 02:33:19	0	35	""
05/30/2024 03:21:30	0	35	""
05/30/2024 04:25:43	0	35	""
05/30/2024 05:18:38	0	35	""
05/30/2024 06:25:56	0	35	""
05/30/2024 07:18:17	0	35	""
05/30/2024 08:24:30	0	35	""
05/30/2024 09:20:47	0	35	""
05/30/2024 10:20:23	0	35	""
05/30/2024 11:15:26	0	35	""
05/30/2024 12:36:02	0	35	""
05/30/2024 13:20:26	0	35	""
05/30/2024 14:18:49	0	35	""
05/30/2024 15:20:33	0	35	""
05/30/2024 16:23:56	0	0	""
05/30/2024 17:16:40	0	0	""
05/30/2024 18:26:29	0	0	""
05/30/2024 19:16:50	0	0	""
05/30/2024 20:20:57	0	0	""
05/30/2024 21:19:04	0	0	""
05/30/2024 22:18:44	0	0	""
05/30/2024 23:19:17	0	0	""
05/31/2024 01:22:06	0	0	""
05/31/2024 02:33:20	0	0	""
05/31/2024 03:20:59	0	0	""
05/31/2024 04:24:20	0	0	""
05/31/2024 05:21:00	0	0	""
05/31/2024 06:26:06	0	0	""
05/31/2024 07:18:09	0	0	""
05/31/2024 08:24:28	0	0	""
05/31/2024 09:22:02	0	0	""
05/31/2024 10:20:02	0	0	""
05/31/2024 11:16:27	0	0	""
05/31/2024 12:35:49	0	0	""
05/31/2024 13:20:28	0	0	""
05/31/2024 14:17:31	0	0	""
05/31/2024 15:21:32	0	0	""
05/31/2024 16:24:13	0	4	""
05/31/2024 17:18:02	0	4	""
05/31/2024 18:24:31	0	4	""
05/31/2024 19:16:15	0	4	""
05/31/2024 20:19:24	0	4	""
05/31/2024 21:18:24	0	4	""
05/31/2024 22:17:41	0	4	""
05/31/2024 23:19:05	0	4	""
06/01/2024 01:26:06	0	4	""
06/01/2024 02:36:30	0	4	""
06/01/2024 03:22:42	0	4	""
06/01/2024 04:22:29	0	4	""
06/01/2024 05:19:43	0	4	""
06/01/2024 06:25:07	0	4	""
06/01/2024 07:17:29	0	4	""
06/01/2024 08:22:48	0	4	""
06/01/2024 09:21:44	0	4	""
06/01/2024 10:20:44	0	4	""
06/01/2024 11:18:58	0	4	""
06/01/2024 12:33:47	0	4	""
06/01/2024 13:18:45	0	4	""
06/01/2024 14:18:02	0	4	""
06/01/2024 15:18:11	0	4	""
06/01/2024 16:21:52	0	12	""
06/01/2024 17:16:44	0	12	""
06/01/2024 18:23:42	0	12	""
06/01/2024 19:17:35	0	12	""
06/01/2024 20:18:18	0	12	""
06/01/2024 21:17:55	0	12	""
06/01/2024 22:16:53	0	12	""
06/01/2024 23:19:50	0	12	""
06/02/2024 01:26:28	0	12	""
06/02/2024 02:35:48	0	12	""
06/02/2024 03:21:28	0	12	""
06/02/2024 04:23:35	0	12	""
06/02/2024 05:17:56	0	12	""
06/02/2024 06:26:03	0	12	""
06/02/2024 07:17:18	0	12	""
06/02/2024 08:21:54	0	12	""
06/02/2024 09:19:14	0	12	""
06/02/2024 10:19:37	0	12	""
06/02/2024 11:16:34	0	12	""
06/02/2024 12:33:24	0	12	""
06/02/2024 13:18:59	0	12	""
06/02/2024 14:16:11	0	12	""
06/02/2024 15:18:21	0	12	""
06/02/2024 16:22:18	0	15	""
06/02/2024 17:17:08	0	15	""
06/02/2024 18:24:48	0	15	""
06/02/2024 19:14:23	0	15	""
06/02/2024 20:18:23	0	15	""
06/02/2024 21:17:44	0	15	""
06/02/2024 22:17:19	0	15	""
06/02/2024 23:19:24	0	15	""
06/03/2024 01:23:12	0	15	""
06/03/2024 02:34:12	0	15	""
06/03/2024 03:22:23	0	15	""
06/03/2024 04:24:52	0	15	""
06/03/2024 05:20:11	0	15	""
06/03/2024 06:26:33	0	15	""
06/03/2024 07:18:02	0	15	""
06/03/2024 08:24:57	0	15	""
06/03/2024 09:20:58	0	15	""
06/03/2024 10:23:54	0	15	""
06/03/2024 11:16:14	0	15	""
06/03/2024 12:37:10	0	15	""
06/03/2024 13:22:32	0	15	""
06/03/2024 14:19:26	0	15	""
06/03/2024 15:21:07	0	15	""
06/03/2024 16:24:17	0	24	""
06/03/2024 17:17:39	0	24	""
06/03/2024 18:26:52	0	24	""
06/03/2024 19:16:26	0	24	""
06/03/2024 20:19:33	0	24	""
06/03/2024 21:19:02	0	24	""
06/03/2024 22:19:13	0	24	""
06/03/2024 23:20:02	0	24	""
06/04/2024 01:22:38	0	24	""
06/04/2024 02:33:29	0	24	""
06/04/2024 03:22:11	0	24	""
06/04/2024 04:22:30	0	24	""
06/04/2024 05:22:27	0	24	""
06/04/2024 06:26:03	0	24	""
06/04/2024 07:18:26	0	24	""
06/04/2024 08:23:54	0	24	""
06/04/2024 09:21:57	0	24	""
06/04/2024 10:21:16	0	24	""
06/04/2024 11:17:00	0	24	""
06/04/2024 12:36:23	0	24	""
06/04/2024 13:21:54	0	24	""
06/04/2024 14:18:21	0	24	""
